/* 
Exercise 1: Simple CRUD Application
Create a console-based Employee Management System with:
• Add employee
• View all employees
• Update employee salary
• Delete employee
• Search employee by name

*/

Exercise 1: Simple CRUD Application
Employee Management System using MySQL

Database Name : mysql_jdbc_practice
Table Name    : employee


Create Database : 


Query:
CREATE DATABASE mysql_jdbc_practice;

Output:
Query OK, 1 row affected (0.18 sec)


Use Database : 

Query:
USE mysql_jdbc_practice;

Output:
Database changed


Create Employee Table :


Query:
CREATE TABLE employee(
 empId INT PRIMARY KEY,
 name VARCHAR(100),
 salary DOUBLE);

Output:
Query OK, 0 rows affected (0.13 sec)


Insert Employee :

Query:
INSERT INTO employee(empId, name, salary)
VALUES
(101, 'Anuj  Dwivedi', 76000),
(102, 'Vishal Yadav', 89000),
(103, 'Anupam Shukla', 72000),
(104, 'Vikash Prajapati', 67000),
(105, 'Utkarsh Mishra', 98000);

Output:
Query OK, 5 rows affected (0.05 sec)
Records: 5  Duplicates: 0  Warnings: 0


View All Employees : 

Query:
SELECT * FROM employee;

Output:
+-------+------------------+--------+
| empId | name             | salary |
+-------+------------------+--------+
|   101 | Anuj  Dwivedi    |  76000 |
|   102 | Vishal Yadav     |  89000 |
|   103 | Anupam Shukla    |  72000 |
|   104 | Vikash Prajapati |  67000 |
|   105 | Utkarsh Mishra   |  98000 |
+-------+------------------+--------+
5 rows in set (0.01 sec)


Update Employee Salary : 


Query:
UPDATE employee
SET salary = 75000
WHERE empId = 104;

Output:
Query OK, 1 row affected (0.02 sec)
Rows matched: 1  Changed: 1  Warnings: 0


View Updated Employee Records :


Query:
SELECT * FROM employee;

Output:
+-------+------------------+--------+
| empId | name             | salary |
+-------+------------------+--------+
|   101 | Anuj  Dwivedi    |  76000 |
|   102 | Vishal Yadav     |  89000 |
|   103 | Anupam Shukla    |  72000 |
|   104 | Vikash Prajapati |  75000 |
|   105 | Utkarsh Mishra   |  98000 |
+-------+------------------+--------+
5 rows in set (0.00 sec)


Delete Employee Record :


Query:
DELETE FROM employee
WHERE empId = 105;

Output:
Query OK, 1 row affected (0.01 sec)


View Employee Records After Deletion : 


Query:
SELECT * FROM employee;

Output:
+-------+------------------+--------+
| empId | name             | salary |
+-------+------------------+--------+
|   101 | Anuj  Dwivedi    |  76000 |
|   102 | Vishal Yadav     |  89000 |
|   103 | Anupam Shukla    |  72000 |
|   104 | Vikash Prajapati |  75000 |
+-------+------------------+--------+
4 rows in set (0.00 sec)



Search Employee by Name : 


Query:
SELECT * FROM employee
WHERE name LIKE 'V%';

Output:
+-------+------------------+--------+
| empId | name             | salary |
+-------+------------------+--------+
|   102 | Vishal Yadav     |  89000 |
|   104 | Vikash Prajapati |  75000 |
+-------+------------------+--------+
2 rows in set (0.02 sec)
